<Properties>
<DANCE1>quest.wma;Party;1;1.3;1;8;1.5;1.5;17;1.6;2;34;1.3;1;43;1.4;1.5;57;1.2;0.9</DANCE1>
<DANCE2>train.wma;Funky;1;0.8;0.9;19;1;1.2;40;0.8;0.9;60;0.9;1</DANCE2>
<DANCE3>ladders.wma;Groovy;1;1;1;10;1.3;1.5;45;1.5;2;65;1;1;</DANCE3>
<DANCE4>RADIOSAMBA1.wma;Samba;1;1.5;1.5;18;1.4;1;22;1.3;0.8;26;1.5;1.5;</DANCE4>
<DANCE5>RADIOETHNIC1.wma;Ethnic;1;1;1;12;1.3;1.6;28;1;1;37;1.5;1.6;52;1;1;</DANCE5>
<DANCE6>RADIO_DISCO1980.wma;Disco;1;1.4;1;7;1.5;1.5;22;1.6;2;37;1.5;1.5;60;1.6;2</DANCE6>
<DANCE7>bubbles.wma;Pop Corn;1;1.4;1;8;1.5;2;17;1.6;2;26;1.5;1.5;32;1.6;2</DANCE7>
</Properties>