<game_param>

  <MAX_DIFFICULTY>10</MAX_DIFFICULTY>
  <COUNT>39</COUNT>
 
  <LEVEL_PARAM>
	<DIFFICULTY>1</DIFFICULTY>
	<VERSION>A</VERSION>

	<POS_6>FIRST</POS_6>
	<POS_25>LAST</POS_25>

	<POS_7>NORMAL,0,2</POS_7>
	<POS_13>NORMAL,5,1</POS_13>
	<POS_18>NORMAL,4,1</POS_18>
	<POS_23>NORMAL,4,3</POS_23>
	<POS_24>NORMAL,0,3</POS_24>
  </LEVEL_PARAM>
  
  <LEVEL_PARAM>
	<DIFFICULTY>1</DIFFICULTY>
	<VERSION>B</VERSION>

	<POS_35>FIRST</POS_35>
	<POS_15>LAST</POS_15>

	<POS_30>NORMAL,1,4</POS_30>
	<POS_25>NORMAL,5,1</POS_25>
	<POS_19>NORMAL,5,2</POS_19>
	<POS_13>NORMAL,2,3</POS_13>
	<POS_14>NORMAL,0,3</POS_14>
  </LEVEL_PARAM>
  
   <LEVEL_PARAM>
	<DIFFICULTY>1</DIFFICULTY>
	<VERSION>C</VERSION>

	<POS_12>FIRST</POS_12>
	<POS_29>LAST</POS_29>

	<POS_13>NORMAL,0,2</POS_13>
	<POS_19>NORMAL,5,0</POS_19>
	<POS_18>NORMAL,0,3</POS_18>
	<POS_17>NORMAL,3,2</POS_17>
	<POS_23>NORMAL,5,2</POS_23>
  </LEVEL_PARAM>

  <LEVEL_PARAM>
	<DIFFICULTY>2</DIFFICULTY>
	<VERSION>A</VERSION>

	<POS_30>FIRST</POS_30>
	<POS_8>LAST</POS_8>

	<POS_9>NORMAL,0,2</POS_9>
	<POS_15>NORMAL,5,1</POS_15>
	<POS_20>NORMAL,4,1</POS_20>
	<POS_25>NORMAL,4,1</POS_25>

	<POS_19>NORMAL,-1,-1</POS_19>
	<POS_24>NORMAL,-1,-1</POS_24>
  </LEVEL_PARAM>

  <LEVEL_PARAM>
	<DIFFICULTY>2</DIFFICULTY>
	<VERSION>B</VERSION>

	<POS_23>FIRST</POS_23>
	<POS_26>LAST</POS_26>

	<POS_24>NORMAL,0,3</POS_24>
	<POS_25>NORMAL,0,4</POS_25>
	<POS_20>NORMAL,1,3</POS_20>
	<POS_21>NORMAL,0,1</POS_21>

	<POS_19>NORMAL,-1,-1</POS_19>
	<POS_31>NORMAL,-1,-1</POS_31>
  </LEVEL_PARAM>

  <LEVEL_PARAM>
	<DIFFICULTY>2</DIFFICULTY>
	<VERSION>C</VERSION>

	<POS_12>FIRST</POS_12>
	<POS_30>LAST</POS_30>

	<POS_18>NORMAL,5,1</POS_18>
	<POS_23>NORMAL,4,1</POS_23>
	<POS_28>NORMAL,4,3</POS_28>
	<POS_29>NORMAL,0,3</POS_29>

	<POS_17>NORMAL,-1,-1</POS_17>
	<POS_22>NORMAL,-1,-1</POS_22>
  </LEVEL_PARAM>
  
  <LEVEL_PARAM>
	<DIFFICULTY>3</DIFFICULTY>
	<VERSION>A</VERSION>

	<POS_6>FIRST</POS_6>
	<POS_29>LAST</POS_29>

	<POS_7>NORMAL,0,2</POS_7>
	<POS_13>NORMAL,5,1</POS_13>
	<POS_18>NORMAL,4,1</POS_18>
	<POS_23>NORMAL,4,2</POS_23>

	<POS_8>NORMAL,-1,-1</POS_8>
	<POS_12>NORMAL,-1,-1</POS_12>
	<POS_24>NORMAL,-1,-1</POS_24>
	<POS_35>NORMAL,-1,-1</POS_35>
  </LEVEL_PARAM>

  <LEVEL_PARAM>
	<DIFFICULTY>3</DIFFICULTY>
	<VERSION>B</VERSION>

	<POS_28>FIRST</POS_28>
	<POS_19>LAST</POS_19>

	<POS_23>NORMAL,1,3</POS_23>
	<POS_24>NORMAL,0,3</POS_24>
	<POS_25>NORMAL,0,4</POS_25>
	<POS_20>NORMAL,0,1</POS_20>

	<POS_29>NORMAL,-1,-1</POS_29>
	<POS_26>NORMAL,-1,-1</POS_26>
	<POS_14>NORMAL,-1,-1</POS_14>
	<POS_35>NORMAL,-1,-1</POS_35>
  </LEVEL_PARAM>
  
  <LEVEL_PARAM>
	<DIFFICULTY>3</DIFFICULTY>
	<VERSION>C</VERSION>

	<POS_13>FIRST</POS_13>
	<POS_32>LAST</POS_32>

	<POS_19>NORMAL,5,2</POS_19>
	<POS_25>NORMAL,5,1</POS_25>
	<POS_30>NORMAL,4,3</POS_30>
	<POS_31>NORMAL,0,3</POS_31>

	<POS_20>NORMAL,-1,-1</POS_20>
	<POS_24>NORMAL,-1,-1</POS_24>
	<POS_36>NORMAL,-1,-1</POS_36>
	<POS_37>NORMAL,-1,-1</POS_37>
  </LEVEL_PARAM>

  <LEVEL_PARAM>
	<DIFFICULTY>4</DIFFICULTY>
	<VERSION>A</VERSION>

	<POS_35>FIRST</POS_35>
	<POS_9>LAST</POS_9>

	<POS_8>NORMAL,1,3</POS_8>
	<POS_13>NORMAL,4,2</POS_13>
	<POS_19>NORMAL,5,2</POS_19>
	<POS_25>NORMAL,5,1</POS_25>
	<POS_30>NORMAL,4,1</POS_30>

	<POS_7>NORMAL,-1,-1</POS_7>
	<POS_14>NORMAL,-1,-1</POS_14>
	<POS_18>NORMAL,-1,-1</POS_18>
	<POS_20>NORMAL,-1,-1</POS_20>
	<POS_24>NORMAL,-1,-1</POS_24>
  </LEVEL_PARAM>

  <LEVEL_PARAM>
	<DIFFICULTY>4</DIFFICULTY>
	<VERSION>B</VERSION>

	<POS_32>FIRST</POS_32>
	<POS_17>LAST</POS_17>

	<POS_18>NORMAL,0,3</POS_18>
	<POS_19>NORMAL,0,4</POS_19>
	<POS_14>NORMAL,1,2</POS_14>
	<POS_20>NORMAL,5,2</POS_20>
	<POS_26>NORMAL,5,2</POS_26>

	<POS_13>NORMAL,-1,-1</POS_13>
	<POS_24>NORMAL,-1,-1</POS_24>
	<POS_25>NORMAL,-1,-1</POS_25>
	<POS_21>NORMAL,-1,-1</POS_21>
	<POS_27>NORMAL,-1,-1</POS_27>
  </LEVEL_PARAM>

  <LEVEL_PARAM>
	<DIFFICULTY>4</DIFFICULTY>
	<VERSION>C</VERSION>

	<POS_9>FIRST</POS_9>
	<POS_25>LAST</POS_25>

	<POS_3>NORMAL,2,1</POS_3>
	<POS_8>NORMAL,4,1</POS_8>
	<POS_13>NORMAL,4,2</POS_13>
	<POS_19>NORMAL,5,1</POS_19>
	<POS_24>NORMAL,4,3</POS_24>

	<POS_2>NORMAL,-1,-1</POS_2>
	<POS_7>NORMAL,-1,-1</POS_7>
	<POS_18>NORMAL,-1,-1</POS_18>
	<POS_20>NORMAL,-1,-1</POS_20>
	<POS_26>NORMAL,-1,-1</POS_26>
  </LEVEL_PARAM>

  <LEVEL_PARAM>
	<DIFFICULTY>5</DIFFICULTY>
	<VERSION>A</VERSION>

	<POS_31>FIRST</POS_31>
	<POS_11>LAST</POS_11>

	<POS_6>NORMAL,1,4</POS_6>
	<POS_1>NORMAL,1,3</POS_1>
	<POS_2>NORMAL,0,2</POS_2>
	<POS_8>NORMAL,5,1</POS_8>
	<POS_13>NORMAL,4,2</POS_13>
	<POS_19>NORMAL,5,2</POS_19>
	<POS_25>NORMAL,5,2</POS_25>

	<POS_7>NORMAL,-1,-1</POS_7>
	<POS_12>NORMAL,-1,-1</POS_12>
	<POS_18>NORMAL,-1,-1</POS_18>
	<POS_14>NORMAL,-1,-1</POS_14>
	<POS_26>NORMAL,-1,-1</POS_26>
  </LEVEL_PARAM>

  <LEVEL_PARAM>
	<DIFFICULTY>5</DIFFICULTY>
	<VERSION>B</VERSION>

	<POS_15>FIRST</POS_15>
	<POS_28>LAST</POS_28>

	<POS_33>NORMAL,3,4</POS_33>
	<POS_34>NORMAL,0,3</POS_34>
	<POS_35>NORMAL,0,4</POS_35>
	<POS_30>NORMAL,1,4</POS_30>
	<POS_25>NORMAL,1,5</POS_25>
	<POS_19>NORMAL,2,4</POS_19>
	<POS_14>NORMAL,1,3</POS_14>

	<POS_9>NORMAL,-1,-1</POS_9>
	<POS_21>NORMAL,-1,-1</POS_21>
	<POS_24>NORMAL,-1,-1</POS_24>
	<POS_31>NORMAL,-1,-1</POS_31>
	<POS_26>NORMAL,-1,-1</POS_26>
  </LEVEL_PARAM>
  
  <LEVEL_PARAM>
	<DIFFICULTY>5</DIFFICULTY>
	<VERSION>C</VERSION>

	<POS_7>FIRST</POS_7>
	<POS_37>LAST</POS_37>

	<POS_8>NORMAL,0,3</POS_8>
	<POS_9>NORMAL,0,2</POS_9>
	<POS_15>NORMAL,5,1</POS_15>
	<POS_20>NORMAL,4,1</POS_20>
	<POS_25>NORMAL,4,1</POS_25>
	<POS_30>NORMAL,4,2</POS_30>
	<POS_36>NORMAL,5,3</POS_36>

	<POS_2>NORMAL,-1,-1</POS_2>
	<POS_3>NORMAL,-1,-1</POS_3>
	<POS_14>NORMAL,-1,-1</POS_14>
	<POS_24>NORMAL,-1,-1</POS_24>
	<POS_31>NORMAL,-1,-1</POS_31>
  </LEVEL_PARAM>
  
  <LEVEL_PARAM>
	<DIFFICULTY>6</DIFFICULTY>
	<VERSION>A</VERSION>

	<POS_34>FIRST</POS_34>
	<POS_32>LAST</POS_32>

	<POS_28>NORMAL,2,4</POS_28>
	<POS_23>NORMAL,1,4</POS_23>
	<POS_18>NORMAL,1,5</POS_18>
	<POS_12>NORMAL,2,3</POS_12>
	<POS_13>NORMAL,0,2</POS_13>
	<POS_19>NORMAL,5,2</POS_19>
	<POS_25>NORMAL,5,2</POS_25>
	<POS_31>NORMAL,5,3</POS_31>

	<POS_17>NORMAL,-1,-1</POS_17>
	<POS_24>NORMAL,-1,-1</POS_24>
	<POS_29>NORMAL,-1,-1</POS_29>
	<POS_14>NORMAL,-1,-1</POS_14>
	<POS_26>NORMAL,-1,-1</POS_26>

	<POS_30>STATIC,-1,-1</POS_30>
  </LEVEL_PARAM>

  <LEVEL_PARAM>
	<DIFFICULTY>6</DIFFICULTY>
	<VERSION>B</VERSION>

	<POS_38>FIRST</POS_38>
	<POS_3>LAST</POS_3>

	<POS_37>NORMAL,0,3</POS_37>
	<POS_36>NORMAL,0,3</POS_36>
	<POS_35>NORMAL,3,4</POS_35>
	<POS_30>NORMAL,1,4</POS_30>
	<POS_25>NORMAL,1,5</POS_25>
	<POS_19>NORMAL,2,5</POS_19>
	<POS_13>NORMAL,2,3</POS_13>
	<POS_14>NORMAL,0,5</POS_14>
	<POS_8>NORMAL,2,4</POS_8>

	<POS_9>NORMAL,-1,-1</POS_9>
	<POS_18>NORMAL,-1,-1</POS_18>
	<POS_23>NORMAL,-1,-1</POS_23>
	<POS_24>NORMAL,-1,-1</POS_24>
	<POS_31>NORMAL,-1,-1</POS_31>

	<POS_20>STATIC,-1,-1</POS_20>
  </LEVEL_PARAM>
  
   <LEVEL_PARAM>
	<DIFFICULTY>6</DIFFICULTY>
	<VERSION>C</VERSION>

	<POS_17>FIRST</POS_17>
	<POS_26>LAST</POS_26>

	<POS_18>NORMAL,0,1</POS_18>
	<POS_23>NORMAL,4,3</POS_23>
	<POS_24>NORMAL,0,3</POS_24>
	<POS_25>NORMAL,0,1</POS_25>
	<POS_30>NORMAL,4,1</POS_30>
	<POS_35>NORMAL,4,3</POS_35>
	<POS_36>NORMAL,0,3</POS_36>
	<POS_37>NORMAL,0,4</POS_37>
	<POS_32>NORMAL,1,5</POS_32>

	<POS_12>NORMAL,-1,-1</POS_12>
	<POS_20>NORMAL,-1,-1</POS_20>
	<POS_21>NORMAL,-1,-1</POS_21>
	<POS_28>NORMAL,-1,-1</POS_28>
	<POS_29>NORMAL,-1,-1</POS_29>

	<POS_31>STATIC,-1,-1</POS_31>
  </LEVEL_PARAM>

  <LEVEL_PARAM>
	<DIFFICULTY>7</DIFFICULTY>
	<VERSION>A</VERSION>

	<POS_35>FIRST</POS_35>
	<POS_11>LAST</POS_11>

	<POS_6>NORMAL,1,5</POS_6>
	<POS_0>NORMAL,2,3</POS_0>
	<POS_1>NORMAL,0,2</POS_1>
	<POS_7>NORMAL,2,5</POS_7>
	<POS_13>NORMAL,5,3</POS_13>
	<POS_14>NORMAL,0,1</POS_14>
	<POS_19>STATIC,1,4</POS_19>
	<POS_24>NORMAL,1,4</POS_24>
	<POS_29>NORMAL,4,2</POS_29>

	<POS_3>NORMAL,-1,-1</POS_3>
	<POS_12>NORMAL,-1,-1</POS_12>
	<POS_16>NORMAL,-1,-1</POS_16>
	<POS_17>NORMAL,-1,-1</POS_17>
	<POS_18>NORMAL,-1,-1</POS_18>
	<POS_21>NORMAL,-1,-1</POS_21>
	<POS_25>NORMAL,-1,-1</POS_25>
	<POS_30>NORMAL,-1,-1</POS_30>
	<POS_32>NORMAL,-1,-1</POS_32>

  </LEVEL_PARAM>

  <LEVEL_PARAM>
	<DIFFICULTY>7</DIFFICULTY>
	<VERSION>B</VERSION>

	<POS_23>FIRST</POS_23>
	<POS_26>LAST</POS_26>

	<POS_17>NORMAL,2,5</POS_17>
	<POS_11>NORMAL,2,3</POS_11>
	<POS_12>NORMAL,0,3</POS_12>
	<POS_13>NORMAL,0,3</POS_13>
	<POS_14>NORMAL,0,1</POS_14>
	<POS_19>STATIC,4,1</POS_19>
	<POS_24>NORMAL,3,4</POS_24>
	<POS_25>NORMAL,0,2</POS_25>
	<POS_31>NORMAL,4,5</POS_31>

	<POS_7>NORMAL,-1,-1</POS_7>
	<POS_8>NORMAL,-1,-1</POS_8>
	<POS_9>NORMAL,-1,-1</POS_9>
	<POS_18>NORMAL,-1,-1</POS_18>
	<POS_21>NORMAL,-1,-1</POS_21>
	<POS_21>NORMAL,-1,-1</POS_21>
	<POS_28>NORMAL,-1,-1</POS_28>
	<POS_30>NORMAL,-1,-1</POS_30>
	<POS_32>NORMAL,-1,-1</POS_32>
	<POS_37>NORMAL,-1,-1</POS_37>

  </LEVEL_PARAM>
    
    <LEVEL_PARAM>
	<DIFFICULTY>7</DIFFICULTY>
	<VERSION>C</VERSION>

	<POS_6>FIRST</POS_6>
	<POS_26>LAST</POS_26>

	<POS_1>NORMAL,1,2</POS_1>
	<POS_7>NORMAL,5,3</POS_7>
	<POS_8>NORMAL,0,4</POS_8>
	<POS_3>NORMAL,1,3</POS_3>
	<POS_4>NORMAL,0,1</POS_4>
	<POS_9>STATIC,4,1</POS_9>
	<POS_14>NORMAL,4,3</POS_14>
	<POS_15>NORMAL,0,2</POS_15>
	<POS_21>NORMAL,5,1</POS_21>

	<POS_2>NORMAL,-1,-1</POS_2>
	<POS_5>NORMAL,-1,-1</POS_5>
	<POS_10>NORMAL,-1,-1</POS_10>
	<POS_12>NORMAL,-1,-1</POS_12>
	<POS_18>NORMAL,-1,-1</POS_18>
	<POS_19>NORMAL,-1,-1</POS_19>
	<POS_25>NORMAL,-1,-1</POS_25>
	<POS_30>NORMAL,-1,-1</POS_30>
	<POS_32>NORMAL,-1,-1</POS_32>
	<POS_11>NORMAL,-1,-1</POS_11>

  </LEVEL_PARAM>

  <LEVEL_PARAM>
	<DIFFICULTY>8</DIFFICULTY>
	<VERSION>A</VERSION>

	<POS_9>FIRST</POS_9>
	<POS_27>LAST</POS_27>

	<POS_3>NORMAL,0,2</POS_3>
	<POS_2>NORMAL,1,3</POS_2>
	<POS_7>NORMAL,4,2</POS_7>
	<POS_13>STATIC,5,2</POS_13>
	<POS_19>NORMAL,5,1</POS_19>
	<POS_24>NORMAL,4,3</POS_24>
	<POS_25>STATIC,0,2</POS_25>
	<POS_31>NORMAL,5,3</POS_31>
	<POS_32>NORMAL,0,4</POS_32>

	<POS_0>NORMAL,-1,-1</POS_0>
	<POS_1>NORMAL,-1,-1</POS_1>
	<POS_4>NORMAL,-1,-1</POS_4>
	<POS_5>NORMAL,-1,-1</POS_5>
	<POS_8>NORMAL,-1,-1</POS_8>
	<POS_12>NORMAL,-1,-1</POS_12>
	<POS_15>NORMAL,-1,-1</POS_15>
	<POS_16>NORMAL,-1,-1</POS_16>
	<POS_17>NORMAL,-1,-1</POS_17>
	<POS_18>NORMAL,-1,-1</POS_18>
	<POS_23>NORMAL,-1,-1</POS_23>
	<POS_26>NORMAL,-1,-1</POS_26>
	<POS_29>NORMAL,-1,-1</POS_29>
	<POS_30>NORMAL,-1,-1</POS_30>
	<POS_21>NORMAL,-1,-1</POS_21>
	<POS_35>NORMAL,-1,-1</POS_35>
	<POS_37>NORMAL,-1,-1</POS_37>
	<POS_38>NORMAL,-1,-1</POS_38>

	<POS_22>STATIC,-1,-1</POS_22>
	<POS_36>STATIC,-1,-1</POS_36>

  </LEVEL_PARAM>

  <LEVEL_PARAM>
	<DIFFICULTY>8</DIFFICULTY>
	<VERSION>B</VERSION>

	<POS_19>FIRST</POS_19>
	<POS_12>LAST</POS_12>

	<POS_17>NORMAL,4,5</POS_17>
	<POS_11>NORMAL,2,4</POS_11>
	<POS_6>NORMAL,1,4</POS_6>
	<POS_1>STATIC,1,3</POS_1>
	<POS_2>NORMAL,0,2</POS_2>
	<POS_8>STATIC,4,5</POS_8>
	<POS_3>NORMAL,1,2</POS_3>
	<POS_9>NORMAL,1,5</POS_9>
	<POS_14>NORMAL,1,4</POS_14>

	<POS_4>NORMAL,-1,-1</POS_4>
	<POS_5>NORMAL,-1,-1</POS_5>
	<POS_7>NORMAL,-1,-1</POS_7>
	<POS_10>NORMAL,-1,-1</POS_10>
	<POS_15>NORMAL,-1,-1</POS_15>
	<POS_20>NORMAL,-1,-1</POS_20>
	<POS_21>NORMAL,-1,-1</POS_21>
	<POS_22>NORMAL,-1,-1</POS_22>
	<POS_23>NORMAL,-1,-1</POS_23>
	<POS_26>NORMAL,-1,-1</POS_26>
	<POS_29>NORMAL,-1,-1</POS_29>
	<POS_30>NORMAL,-1,-1</POS_30>
	<POS_31>NORMAL,-1,-1</POS_31>
	<POS_32>NORMAL,-1,-1</POS_32>
	<POS_33>NORMAL,-1,-1</POS_33>
	<POS_34>NORMAL,-1,-1</POS_34>
	<POS_35>NORMAL,-1,-1</POS_35>
	<POS_38>NORMAL,-1,-1</POS_38>

	<POS_25>STATIC,-1,-1</POS_25>
	<POS_28>STATIC,-1,-1</POS_28>

  </LEVEL_PARAM>

  <LEVEL_PARAM>
	<DIFFICULTY>8</DIFFICULTY>
	<VERSION>C</VERSION>

	<POS_36>FIRST</POS_36>
	<POS_8>LAST</POS_8>

	<POS_3>NORMAL,0,1</POS_3>
	<POS_2>STATIC,3,1</POS_2>
	<POS_7>NORMAL,1,4</POS_7>
	<POS_12>STATIC,1,4</POS_12>
	<POS_17>NORMAL,4,2</POS_17>
	<POS_23>NORMAL,4,5</POS_23>
	<POS_18>NORMAL,1,2</POS_18>
	<POS_24>NORMAL,5,2</POS_24>
	<POS_30>NORMAL,5,2</POS_30>

	<POS_0>NORMAL,-1,-1</POS_0>
	<POS_1>NORMAL,-1,-1</POS_1>
	<POS_6>NORMAL,-1,-1</POS_6>
	<POS_9>NORMAL,-1,-1</POS_9>
	<POS_10>NORMAL,-1,-1</POS_10>
	<POS_11>NORMAL,-1,-1</POS_11>
	<POS_15>NORMAL,-1,-1</POS_15>
	<POS_16>NORMAL,-1,-1</POS_16>
	<POS_19>NORMAL,-1,-1</POS_19>
	<POS_20>NORMAL,-1,-1</POS_20>
	<POS_21>NORMAL,-1,-1</POS_21>
	<POS_22>NORMAL,-1,-1</POS_22>
	<POS_25>NORMAL,-1,-1</POS_25>
	<POS_28>NORMAL,-1,-1</POS_28>
	<POS_29>NORMAL,-1,-1</POS_29>
	<POS_31>NORMAL,-1,-1</POS_31>
	<POS_35>NORMAL,-1,-1</POS_35>
	<POS_37>NORMAL,-1,-1</POS_37>

	<POS_4>STATIC,-1,-1</POS_4>
	<POS_13>STATIC,-1,-1</POS_13>

  </LEVEL_PARAM>

  <LEVEL_PARAM>
	<DIFFICULTY>9</DIFFICULTY>
	<VERSION>A</VERSION>

	<POS_20>FIRST</POS_20>
	<POS_28>LAST</POS_28>

	<POS_21>NORMAL,0,1</POS_21>
	<POS_26>NORMAL,0,4</POS_26>
	<POS_25>NORMAL,3,5</POS_25>
	<POS_7>NORMAL,0,2</POS_7>
	<POS_13>STATIC,5,2</POS_13>
	<POS_19>NORMAL,5,2</POS_19>
	<POS_6>STATIC,1,3</POS_6>
	<POS_11>NORMAL,2,4</POS_11>
	<POS_17>NORMAL,2,5</POS_17>
	<POS_23>NORMAL,1,5</POS_23>

	<POS_0>NORMAL,-1,-1</POS_0>
	<POS_1>NORMAL,-1,-1</POS_1>
	<POS_3>NORMAL,-1,-1</POS_3>
	<POS_5>NORMAL,-1,-1</POS_5>
	<POS_8>NORMAL,-1,-1</POS_8>
	<POS_9>NORMAL,-1,-1</POS_9>
	<POS_10>NORMAL,-1,-1</POS_10>
	<POS_15>NORMAL,-1,-1</POS_15>
	<POS_16>NORMAL,-1,-1</POS_16>
	<POS_22>NORMAL,-1,-1</POS_22>
	<POS_29>NORMAL,-1,-1</POS_29>
	<POS_33>NORMAL,-1,-1</POS_33>
	<POS_35>NORMAL,-1,-1</POS_35>
	<POS_37>NORMAL,-1,-1</POS_37>
	<POS_38>NORMAL,-1,-1</POS_38>

	<POS_2>STATIC,-1,-1</POS_2>
	<POS_4>STATIC,-1,-1</POS_4>

  </LEVEL_PARAM>
  
  <LEVEL_PARAM>
	<DIFFICULTY>9</DIFFICULTY>
	<VERSION>B</VERSION>

	<POS_9>FIRST</POS_9>
	<POS_29>LAST</POS_29>

	<POS_4>NORMAL,0,1</POS_4>
	<POS_3>NORMAL,3,1</POS_3>
	<POS_8>NORMAL,4,1</POS_8>
	<POS_13>STATIC,4,2</POS_13>
	<POS_19>NORMAL,5,2</POS_19>
	<POS_25>NORMAL,5,1</POS_25>
	<POS_30>NORMAL,4,1</POS_30>
	<POS_35>STATIC,4,0</POS_35>
	<POS_34>NORMAL,3,5</POS_34>
	<POS_28>NORMAL,2,3</POS_28>

	<POS_1>NORMAL,-1,-1</POS_1>
	<POS_2>NORMAL,-1,-1</POS_2>
	<POS_5>NORMAL,-1,-1</POS_5>
	<POS_6>NORMAL,-1,-1</POS_6>
	<POS_7>NORMAL,-1,-1</POS_7>
	<POS_10>NORMAL,-1,-1</POS_10>
	<POS_12>NORMAL,-1,-1</POS_12>
	<POS_16>NORMAL,-1,-1</POS_16>
	<POS_17>NORMAL,-1,-1</POS_17>
	<POS_20>NORMAL,-1,-1</POS_20>
	<POS_26>NORMAL,-1,-1</POS_26>
	<POS_31>NORMAL,-1,-1</POS_31>
	<POS_33>NORMAL,-1,-1</POS_33>
	<POS_36>NORMAL,-1,-1</POS_36>
	<POS_37>NORMAL,-1,-1</POS_37>

	<POS_14>STATIC,-1,-1</POS_14>
	<POS_23>STATIC,-1,-1</POS_23>

  </LEVEL_PARAM>

 <LEVEL_PARAM>
	<DIFFICULTY>9</DIFFICULTY>
	<VERSION>C</VERSION>

	<POS_18>FIRST</POS_18>
	<POS_38>LAST</POS_38>

	<POS_12>NORMAL,2,1</POS_12>
	<POS_17>NORMAL,4,1</POS_17>
	<POS_22>NORMAL,4,3</POS_22>
	<POS_23>NORMAL,0,3</POS_23>
	<POS_24>NORMAL,0,1</POS_24>
	<POS_29>STATIC,4,2</POS_29>
	<POS_35>NORMAL,4,5</POS_35>
	<POS_30>NORMAL,1,3</POS_30>
	<POS_31>STATIC,0,3</POS_31>
	<POS_32>NORMAL,2,0</POS_32>

	<POS_1>NORMAL,-1,-1</POS_1>
	<POS_2>NORMAL,-1,-1</POS_2>
	<POS_5>NORMAL,-1,-1</POS_5>
	<POS_6>NORMAL,-1,-1</POS_6>
	<POS_8>NORMAL,-1,-1</POS_8>
	<POS_11>NORMAL,-1,-1</POS_11>
	<POS_14>NORMAL,-1,-1</POS_14>
	<POS_15>NORMAL,-1,-1</POS_15>
	<POS_20>NORMAL,-1,-1</POS_20>
	<POS_21>NORMAL,-1,-1</POS_21>
	<POS_26>NORMAL,-1,-1</POS_26>
	<POS_27>NORMAL,-1,-1</POS_27>
	<POS_28>NORMAL,-1,-1</POS_28>
	<POS_34>NORMAL,-1,-1</POS_34>
	<POS_36>NORMAL,-1,-1</POS_36>
	<POS_37>NORMAL,-1,-1</POS_37>

	<POS_13>STATIC,-1,-1</POS_13>
	<POS_25>STATIC,-1,-1</POS_25>

   </LEVEL_PARAM>
   
   
  <LEVEL_PARAM>
	<DIFFICULTY>10</DIFFICULTY>
	<VERSION>A</VERSION>

	<POS_33>FIRST</POS_33>
	<POS_5>LAST</POS_5>

	<POS_4>NORMAL,3,1</POS_4>
	<POS_9>NORMAL,0,4</POS_9>
	<POS_8>NORMAL,3,0</POS_8>
	<POS_7>NORMAL,3,2</POS_7>
	<POS_13>NORMAL,0,5</POS_13>
	<POS_12>STATIC,0,3</POS_12>
	<POS_11>NORMAL,2,3</POS_11>
	<POS_17>NORMAL,1,5</POS_17>
	<POS_22>NORMAL,3,4</POS_22>
	<POS_23>NORMAL,0,2</POS_23>
	<POS_29>STATIC,2,5</POS_29>
	<POS_34>NORMAL,0,3</POS_34>
	<POS_35>NORMAL,0,5</POS_35>

	<POS_0>NORMAL,-1,-1</POS_0>
	<POS_1>NORMAL,-1,-1</POS_1>
	<POS_2>NORMAL,-1,-1</POS_2>
	<POS_3>NORMAL,-1,-1</POS_3>
	<POS_6>NORMAL,-1,-1</POS_6>
	<POS_10>NORMAL,-1,-1</POS_10>
	<POS_14>NORMAL,-1,-1</POS_14>
	<POS_15>NORMAL,-1,-1</POS_15>
	<POS_16>NORMAL,-1,-1</POS_16>
	<POS_18>NORMAL,-1,-1</POS_18>
	<POS_20>NORMAL,-1,-1</POS_20>
	<POS_21>NORMAL,-1,-1</POS_21>
	<POS_24>NORMAL,-1,-1</POS_24>
	<POS_25>NORMAL,-1,-1</POS_25>
	<POS_26>NORMAL,-1,-1</POS_26>
	<POS_27>NORMAL,-1,-1</POS_27>
	<POS_28>NORMAL,-1,-1</POS_28>
	<POS_30>NORMAL,-1,-1</POS_30>
	<POS_31>NORMAL,-1,-1</POS_31>
	<POS_32>NORMAL,-1,-1</POS_32>
	<POS_36>NORMAL,-1,-1</POS_36>
	<POS_38>NORMAL,-1,-1</POS_38>

	<POS_19>STATIC,-1,-1</POS_19>
	<POS_37>STATIC,-1,-1</POS_37>

  </LEVEL_PARAM>

  <LEVEL_PARAM>
	<DIFFICULTY>10</DIFFICULTY>
	<VERSION>B</VERSION>

	<POS_11>FIRST</POS_11>
	<POS_37>LAST</POS_37>

	<POS_6>NORMAL,4,1</POS_6>
	<POS_1>NORMAL,1,3</POS_1>
	<POS_2>NORMAL,2,0</POS_2>
	<POS_8>NORMAL,5,1</POS_8>
	<POS_13>NORMAL,4,2</POS_13>
	<POS_19>NORMAL,5,2</POS_19>
	<POS_25>NORMAL,5,4</POS_25>
	<POS_20>STATIC,1,4</POS_20>
	<POS_15>NORMAL,1,2</POS_15>
	<POS_21>NORMAL,5,2</POS_21>
	<POS_27>NORMAL,1,5</POS_27>
	<POS_32>STATIC,4,2</POS_32>
	<POS_38>NORMAL,0,5</POS_38>

	<POS_0>NORMAL,-1,-1</POS_0>
	<POS_3>NORMAL,-1,-1</POS_3>
	<POS_4>NORMAL,-1,-1</POS_4>
	<POS_5>NORMAL,-1,-1</POS_5>
	<POS_7>NORMAL,-1,-1</POS_7>
	<POS_10>NORMAL,-1,-1</POS_10>
	<POS_12>NORMAL,-1,-1</POS_12>
	<POS_14>NORMAL,-1,-1</POS_14>
	<POS_16>NORMAL,-1,-1</POS_16>
	<POS_17>NORMAL,-1,-1</POS_17>
	<POS_18>NORMAL,-1,-1</POS_18>
	<POS_22>NORMAL,-1,-1</POS_22>
	<POS_24>NORMAL,-1,-1</POS_24>
	<POS_26>NORMAL,-1,-1</POS_26>
	<POS_28>NORMAL,-1,-1</POS_28>
	<POS_29>NORMAL,-1,-1</POS_29>
	<POS_30>NORMAL,-1,-1</POS_30>
	<POS_31>NORMAL,-1,-1</POS_31>
	<POS_33>NORMAL,-1,-1</POS_33>
	<POS_34>NORMAL,-1,-1</POS_34>
	<POS_35>NORMAL,-1,-1</POS_35>
	<POS_36>NORMAL,-1,-1</POS_36>

	<POS_9>STATIC,-1,-1</POS_9>
	<POS_23>STATIC,-1,-1</POS_23>

  </LEVEL_PARAM>
    
   <LEVEL_PARAM>
	<DIFFICULTY>10</DIFFICULTY>
	<VERSION>C</VERSION>

	<POS_30>FIRST</POS_30>
	<POS_4>LAST</POS_4>

	<POS_29>NORMAL,3,1</POS_29>
	<POS_34>NORMAL,4,0</POS_34>
	<POS_33>NORMAL,3,4</POS_33>
	<POS_28>NORMAL,1,4</POS_28>
	<POS_23>STATIC,1,3</POS_23>
	<POS_24>NORMAL,0,3</POS_24>
	<POS_25>NORMAL,5,0</POS_25>
	<POS_19>STATIC,2,5</POS_19>
	<POS_13>NORMAL,0,2</POS_13>
	<POS_12>NORMAL,4,3</POS_12>
	<POS_7>NORMAL,1,4</POS_7>
	<POS_2>NORMAL,1,3</POS_2>
	<POS_3>NORMAL,0,3</POS_3>

	<POS_0>NORMAL,-1,-1</POS_0>
	<POS_1>NORMAL,-1,-1</POS_1>
	<POS_5>NORMAL,-1,-1</POS_5>
	<POS_6>NORMAL,-1,-1</POS_6>
	<POS_9>NORMAL,-1,-1</POS_9>
	<POS_10>NORMAL,-1,-1</POS_10>
	<POS_11>NORMAL,-1,-1</POS_11>
	<POS_14>NORMAL,-1,-1</POS_14>
	<POS_15>NORMAL,-1,-1</POS_15>
	<POS_16>NORMAL,-1,-1</POS_16>
	<POS_17>NORMAL,-1,-1</POS_17>
	<POS_18>NORMAL,-1,-1</POS_18>
	<POS_21>NORMAL,-1,-1</POS_21>
	<POS_22>NORMAL,-1,-1</POS_22>
	<POS_26>NORMAL,-1,-1</POS_26>
	<POS_27>NORMAL,-1,-1</POS_27>
	<POS_31>NORMAL,-1,-1</POS_31>
	<POS_32>NORMAL,-1,-1</POS_32>
	<POS_35>NORMAL,-1,-1</POS_35>
	<POS_36>NORMAL,-1,-1</POS_36>
	<POS_37>NORMAL,-1,-1</POS_37>
	<POS_38>NORMAL,-1,-1</POS_38>

	<POS_8>STATIC,-1,-1</POS_8>
	<POS_20>STATIC,-1,-1</POS_20>

  </LEVEL_PARAM>
</game_param>