<Properties>
<APP_VERSION>2008.07.10.001</APP_VERSION>
<PERIODIC_ACTIONS_INTERVAL>86400000</PERIODIC_ACTIONS_INTERVAL>

<EXAMPLE_FOR_1_DAY_3_HOURS_4_SEC_TIME>1.03:00:04</EXAMPLE_FOR_1_DAY_3_HOURS_4_SEC_TIME>
<TRAVELS_TOUR_TIME>7.00:00:00</TRAVELS_TOUR_TIME>
<TRAVELS_TRAVEL_TIME>2.00:00:00</TRAVELS_TRAVEL_TIME>
<TRAVELS_CHECK_GUEST_INTERVAL>01:00:00</TRAVELS_CHECK_GUEST_INTERVAL>
<TRAVELS_CHECK_TOURIST_INTERVAL>01:00:00</TRAVELS_CHECK_TOURIST_INTERVAL>
<TRAVELS_GUEST_RETURN_INDICATE>2.00:00:00</TRAVELS_GUEST_RETURN_INDICATE>
</Properties>