<Properties>


<SERVER1>www.shidonni.com;http://www.shidonni.com/s</SERVER1>
<SERVER2>www.shidonni.com;http://www.shidonni.com/s</SERVER2>

<AUTHENTICATIONSERVER>www.shidonni.com;http://www.shidonni.com/s</AUTHENTICATIONSERVER>

<!-- For SaveImageService2 -->
<PRINTINGSERVER>http://www.shidonni.com/print</PRINTINGSERVER>

  <!-- For ClientStorageService -->
<CLIENT_STORAGE_SERVER>http://www.shidonni.com/print</CLIENT_STORAGE_SERVER>

<CLIENT_STORAGE_DIRECTORY>D:\temp\ClientStorage</CLIENT_STORAGE_DIRECTORY>

<SERVERS_FOR_RANDOM_LOTTERY>1</SERVERS_FOR_RANDOM_LOTTERY>
<aaSERVERS_FOR_RANDOM_LOTTERY>1;2;3</aaSERVERS_FOR_RANDOM_LOTTERY>

<!-- For UserMailService -->
<USER_MAILING_SERVICE>http://www.shidonni.com/s</USER_MAILING_SERVICE>
<!--USER_MAILING_SERVICE>http://www.shidonni.com/mail</USER_MAILING_SERVICE-->

<PARTNERS_LESSONS1>bftv;2000000023</PARTNERS_LESSONS1>
<PARTNERS_LESSONS2>wbros;2000000024</PARTNERS_LESSONS2>
<PARTNERS_LESSONS3>disney;2000000025</PARTNERS_LESSONS3>
<PARTNERS_LESSONS4>ikeepsafe;2000000033</PARTNERS_LESSONS4>
<!--PARTNERS_LESSONS5>oggy;2000000034</PARTNERS_LESSONS5-->

<MAX_GIFT_LESSONS_ID>400005</MAX_GIFT_LESSONS_ID>
<MAX_GIFT_LESSONS_PREMIUM_ID>500001</MAX_GIFT_LESSONS_PREMIUM_ID>

<USERS_FOR_RANDOM_PUBLIC_ANIMAL_LOTTERY>51167</USERS_FOR_RANDOM_PUBLIC_ANIMAL_LOTTERY>
  
<!--PORTAL_TV1:affiliate;group;tv url-->
<!--<PORTAL_TV1>primarygames;primarygames;http://www.primarygames.com/arcade/virtualworlds/shidonni/index.htm</PORTAL_TV1>-->
<!--<PORTAL_TV2>primarygamesads;primarygames;http://www.primarygames.com/arcade/virtualworlds/shidonni/index.htm</PORTAL_TV2>-->
<PORTAL_TV3>afportaltv;afportaltv;http://www.shidonni.com/v2/pages/worlds.gif</PORTAL_TV3>
<!-- <PORTAL_TV4>afsmportaltv;afsmportaltv;http://www.google.com</PORTAL_TV4>  -->


  <!-- For ShareService3 -->
<FRIENDS_PARK_SERVER>http://www.shidonni.com/v2</FRIENDS_PARK_SERVER>

<!-- For ParadeService -->
<PARADE_SERVICE>http://www.shidonni.com/v2</PARADE_SERVICE>
 
<!-- For PPBlockerService -->
<!-- <PPBLOCKER_SERVICE>http://www.shidonni.com/s</PPBLOCKER_SERVICE> -->

  <!--HIDE_FEATURE3>MOPPET_STAR</HIDE_FEATURE3 -->  
  <!--HIDE_FEATURE1>DEMO</HIDE_FEATURE1-->
  <!--HIDE_FEATURE2>LOGIN-SERVER_IS_BUSY</HIDE_FEATURE2-->  
  <!--HIDE_FEATURE4>TZOMET</HIDE_FEATURE4-->  

 <!-- For Moppets photos -->
 <MOPPETS_PHOTOS_URL>http://www.shidonni.com/print/MoppetPhotos</MOPPETS_PHOTOS_URL>

 <!-- Number of gifts available for adding friend -->
 <FRIENDS_GIFTS_NUM>7</FRIENDS_GIFTS_NUM>

</Properties>